iter	Logloss
0	0.328126416
1	0.2842655227
2	0.2668670735
3	0.2587576283
4	0.2552147766
5	0.2498973218
6	0.2478439314
7	0.246773411
8	0.2448726106
9	0.24458368
10	0.2441220803
11	0.2436664589
